text,party,topic
"Die „Task Force on Displacement“ der Klimarahmenkonvention UNFCCC wollen wir strukturell stärken und setzen uns dafür ein, dass ihre Empfehlungen ebenso umgesetzt werden wie der Globale Pakt für eine sichere, geordnete und reguläre Migration sowie der Globale Pakt für Flüchtlinge.",gruene,414 - Economic Orthodoxy
"Wir gehen gegen unfaire Handelspraktiken vor und prüfen, ob der Verkauf von Lebensmitteln unter Produktionskosten unterbunden werden kann.",koalition,701 - Labour Groups: Positive
Dazu gehören die sozialen Dienstleistungsberufe.,spd,303 - Governmental and Administrative Efficiency
Für die laufende Bewertung und Verbesserung der Effektivität der Geldwäschebekämpfung in Deutschland soll die notwendige Informations- und Erkenntnisgrundlage aufgebaut werden.,koalition,703 - Agriculture and Farmers: Positive
"Um wirksamen Artenschutz zu betreiben und unser Trinkwasser zu schützen, wollen wir die Ausbringung von Pestiziden in Naturschutzgebieten und Trinkwasserschutzgebieten untersagen und ein flächendeckendes Pestizidmonitoring einführen.",gruene,414 - Economic Orthodoxy
"Junge Berufsanfänger*innen brauchen eine Chance, in das Berufsleben einzusteigen.",spd,604 - Traditional Morality: Negative
Freie Wahl bei der Altersvorsorge für Selbstständige Wir Freie Demokraten wollen maximale Wahlfreiheit für Selbstständige bei der Altersvorsorge.,fdp,107 - Internationalism: Positive
Sie wollen wir unterstützen.,fdp,606 - Civic Mindedness: Positive
"Absicherung für alle Familienformen Ob Alleinerziehende, Patchwork-, Stief- oder Regenbogenfamilie – Familien sind vielfältig und diese Vielfalt muss ein modernes Familienrecht auch abbilden.",gruene,409 - Keynesian Demand Management
Wir setzen die EU-Whistleblower-Richtlinie rechtssicher und praktikabel um.,koalition,701 - Labour Groups: Positive
Bundesministerium für digitale Transformation Wir Freie Demokraten fordern ein Ministerium für digitale Transformation.,fdp,415 - Marxist Analysis: Positive
Bei mobiler Arbeit und im Homeoffice soll das Arbeitsschutzgesetz und nicht die Arbeitsstättenverordnung gelten.,fdp,409 - Keynesian Demand Management
Die Tagesförderstätten wollen wir in diesen Prozess mit einbeziehen.,gruene,413 - Nationalisation
"Deswegen setzen wir uns auf europäischer Ebene für eine ambitionierte EU-Richtlinie für Lohngleichheit ein und werden national ein effektives Entgeltgleichheitsgesetz einführen, das auch für kleine Betriebe gilt und die Unternehmen verpflichtet, von sich aus über die Bezahlung von Frauen und Männern und über ihre Maßnahmen zum Schließen des eigenen Pay-Gaps zu berichten.",gruene,608 - Multiculturalism: Negative
"Unternehmen, Gewerkschaften und Betriebsräte wissen gemeinsam am besten, wie die Transformation zu gestalten ist.",gruene,403 - Market Regulation
Wir unterstützen die Entwicklung von Kriterien für einen ökologischen Fußabdruck.,koalition,702 - Labour Groups: Negative
"Antirassismus, Antidiskriminierung und Postkolonialismus wollen wir in der Lehrer*innenausbildung und in den Lehrplänen verankern.",gruene,401 - Free Market Economy
Dabei gehört Glasfaser die Zukunft.,gruene,606 - Civic Mindedness: Positive
Dies stärkt den Wettbewerb und macht private Altersvorsorge für alle attraktiver.,fdp,107 - Internationalism: Positive
"Ziel  136 Ka pi te l 3  ist, anhand von regionalen Indikatoren in den Bundesländern Förderregionen auszuwählen und die Stärkung der Kommunen in diesen Regionen zu unterstützen.",gruene,303 - Governmental and Administrative Efficiency
Angesichts der Vielzahl bestehender Überwachungsbefugnisse und zunehmender Überwachungsmöglichkeiten durch den Einsatz vernetzter Geräte im Alltag ist eine Bilanz dringend geboten.,fdp,302 - Centralisation
"Wir treten für eine verhandelte Zweistaatenlösung als den bislang einzigen Weg ein, um einerseits dauerhaft die Sicherheit des demokratischen Staates Israel zu garantieren und andererseits die Schaffung eines souveränen, demokratischen und lebensfähigen Staates Palästina zu ermöglichen.",fdp,203 - Constitutionalism: Positive
Anhörungen müssen kindgerecht ausgestaltet sein und mehrfache Befragungen nach Möglichkeit vermieden werden.,gruene,503 - Equality: Positive
Förderleistungen wollen wir leichter zugänglich machen.,koalition,303 - Governmental and Administrative Efficiency
"Das gelingt aber nicht mit einer Staatsbahn, sondern nur mit mehr Wettbewerb, mehr Digitalisierung und niedrigeren Trassenpreisen für die Nutzung der Schienenwege.",fdp,107 - Internationalism: Positive
"Dafür bringen wir uns ambitioniert auf internationaler Ebene ein, stärken den Naturschutz und sehen Kooperation mit den Flächennutzern als zentralen Baustein an.",koalition,606 - Civic Mindedness: Positive
Mehr Innovationen stärken den Wirtschaftsstandort Deutschland ebenso wie die gesamtgesellschaftliche Entwicklung.,koalition,303 - Governmental and Administrative Efficiency
Wir werden uns für die Verabschiedung der 5.,gruene,110 - European Community/Union: Negative
Wir wollen ein Level-Playing-Field für Plastik-Rezyklate.,koalition,303 - Governmental and Administrative Efficiency
"Wenn der Sicherheitsrat im Falle von schwersten Menschenrechtsverletzungen anhaltend blockiert ist, soll die Generalversammlung an seiner Stelle nach dem Vorbild der „Uniting for Peace“- Resolution über friedenserzwingende Maßnahmen, also diplomatische Maßnahmen, Sanktionen oder militärische Maßnahmen gemäß Kapitel VII der UN-Charta, mit qualifizierter Mehrheit beschließen.",gruene,414 - Economic Orthodoxy
"Eine demokratisch gefestigte, handlungsfähige und strategisch souveräne EU ist die Grundlage für unseren Frieden und Wohlstand.",koalition,203 - Constitutionalism: Positive
Es soll kein Müll mehr verursacht und die Ressourcenverschwendung gestoppt werden.,gruene,303 - Governmental and Administrative Efficiency
54 Deutschland soll Vorreiter beim CO2-neutralen Fliegen werden bei Wahrung von fairen Rahmenbedingungen im internationalen Wettbewerb.,koalition,303 - Governmental and Administrative Efficiency
"Mit ihrem autoritären Hegemonialstreben zwingen Staaten wie China und Russland, die Menschen- und Bürger*innenrechte systematisch aushebeln, andere Staaten nicht nur in wirtschaftliche und politische Abhängigkeit, sondern sie wollen auch Europa spalten.",gruene,203 - Constitutionalism: Positive
In der Corona-Krise wurden viele Aktiengesellschaften durch staatliche Hilfen gestützt.,gruene,403 - Market Regulation
"Jeder Mensch, der durch eine Waffe stirbt, ist einer zu viel.",gruene,110 - European Community/Union: Negative
Die Europäische Union kann aufgrund des großen gemeinsamen Binnenmarktes selbstbewusst in Handelsverhandlungen gehen.,gruene,203 - Constitutionalism: Positive
"Viele Menschen fliehen, weil sie verfolgt oder ihnen grundlegende Rechte vorenthalten werden.",gruene,701 - Labour Groups: Positive
Entsprechende Angebote wollen wir fördern.,fdp,106 - Peace
Der elternunabhängige Garantiebetrag im Rahmen der Kindergrundsicherung soll künftig direkt an volljährige Anspruchsberechtigte in Ausbildung und Studium ausgezahlt werden.,koalition,101 - Foreign Special Relationships: Positive
"Wir wollen Speicher daher als eigenständige Säule des Energiesystems neben Produzenten, Netzen sowie Verbraucherinnen und Verbrauchern rechtlich definieren und für einen wirtschaftlichen Betrieb von Abgaben und Umlagen befreien.",fdp,405 - Corporatism/ Mixed Economy
Der Staat muss vorausschauend für seine Bürgerinnen und Bürger arbeiten.,koalition,409 - Keynesian Demand Management
Gemäß den Vorschlägen der Europäischen Kommission werden im Verkehrsbereich in Europa 2035 nur noch CO2-neutrale Fahrzeuge zugelassen – entsprechend früher wirkt sich dies in Deutschland aus.,koalition,405 - Corporatism/ Mixed Economy
"Solidarität werden wir weiterhin den Wirtschaftsbereichen zukommen lassen, die in der Corona- Pandemie zugunsten der Gesundheit aller besondere Einbußen hinnehmen mussten.",spd,303 - Governmental and Administrative Efficiency
Der Bundesagentur für Arbeit (BA) kommt eine stärkere Rolle bei der Qualifizierung und dazugehöriger Beratung zu.,koalition,413 - Nationalisation
"Der EKF wird in der Lage sein, die Finanzierung der nötigen Klimaschutzmaßnahmen und der EEG-Umlage zu stemmen.",koalition,405 - Corporatism/ Mixed Economy
Wir wollen gerade in schwierigen Zeiten den Austausch mit der menschenrechtsorientierten und demokratischen Zivilgesellschaft in der Türkei und Jugendaustauschprogramme ausbauen.,gruene,203 - Constitutionalism: Positive
Es gibt einen gewaltigen Personalmangel in den Krankenhäusern und Pflegeeinrichtungen.,spd,413 - Nationalisation
"Wir Freie Demokraten wollen diesen Irrweg verlassen, denn die Leistungsträgerinnen und Leistungsträger unseres Landes dürfen nicht durch immer höhere Abgaben daran gehindert werden, unseren Wohlstand zu sichern.",fdp,107 - Internationalism: Positive
Der volatile Strom aus Sonne und Wind wird durch die Erzeugung von Wasserstoff mittels Elektrolyse speicherbar und über weite Strecken transportierbar.,fdp,405 - Corporatism/ Mixed Economy
Wir werden die konkreten Rückzahlmodalitäten der Corona-Hilfen prüfen.,koalition,703 - Agriculture and Farmers: Positive
Die Mieterstrom-Regeln werden wir deutlich vereinfachen und Mieterstromprojekte fördern.,gruene,406 - Protectionism: Positive
"Wenn wir in Zeiten des Umbruchs und der epochalen Aufgaben das Beste ermöglichen wollen, muss sich aber nicht nur der Inhalt von Politik ändern, sondern auch die Art und Weise, wie wir Politik machen, wie eine Regierung das Land führt.",gruene,604 - Traditional Morality: Negative
"Aus diesem Grund sollen Bibliotheken unter denselben Bedingungen E-Books verleihen dürfen, die sich für physische Bücher bewährt haben, ohne dafür Lizenzverträge abschließen zu müssen.",gruene,101 - Foreign Special Relationships: Positive
"Kapitel 1 Seite > 4 In der Corona-Krise wird einmal mehr überaus deutlich, dass Gewinnmaximierung und Kostenminimierung nicht das Maß aller Dinge sein dürfen.",spd,606 - Civic Mindedness: Positive
"Zum Schutz des Klimas, aber auch zum Schutz der Anleger*innen, brauchen wir eine einheitliche Zertifizierung nachhaltiger Finanzprodukte auf europäischer Ebene.",gruene,101 - Foreign Special Relationships: Positive
Bei der intensivpflegerischen Versorgung muss die freie Wahl des Wohnorts erhalten bleiben.,koalition,303 - Governmental and Administrative Efficiency
"Wir werden die Diversität und Geschlechtergerechtigkeit auch in Führungspositionen, Gremien und Jurys ausbauen.",spd,203 - Constitutionalism: Positive
So schaffen wir Anreize für Investitionen in klimafreundliche Technologien und können die Pariser Klimaziele zuverlässig erreichen.,fdp,303 - Governmental and Administrative Efficiency
"Strompreisvergünstigungen für Unternehmen, die im internationalen Wettbewerb stehen, sollen an die Umsetzung von Energieeffizienzmaßnahmen geknüpft werden.",gruene,303 - Governmental and Administrative Efficiency
Nachhaltigkeit in der Digitalisierung Wir wollen die Potentiale der Digitalisierung für mehr Nachhaltigkeit nutzen.,koalition,606 - Civic Mindedness: Positive
Flexible Arbeitszeiten und mobile Arbeit Wir Freie Demokraten fordern mehr Flexibilität im Arbeitszeitgesetz und wollen eine wöchentliche statt einer täglichen Höchstarbeitszeit.,fdp,107 - Internationalism: Positive
"Die Zukunftsfähigkeit unserer Gesellschaft hängt davon ab, dass sich Menschen für Kinder entscheiden und sie auf ihrem Weg in ein selbständiges Leben bestmöglich begleiten.",spd,106 - Peace
Dafür setzen wir auf eine vorsorgende Haushaltspolitik.,gruene,305 - Political Authority
"Von der palästinensischen Seite erwarten wir Fortschritte bei Demokratie, Rechtsstaatlichkeit und Menschenrechten.",koalition,203 - Constitutionalism: Positive
Wir setzen uns die rechtliche Absicherung von LSBTIQ*-Familien und Trans* und Inter*Personen zum Ziel.,spd,302 - Centralisation
Das demokratische Taiwan unterstützen Wir Freie Demokraten unterstützen die demokratische und rechtsstaatliche Entwicklung in Taiwan als gelungenen Gegenentwurf zum autoritären Herrschaftssystem in der Volksrepublik China.,fdp,203 - Constitutionalism: Positive
"Europapolitische Koordinierung Wir wollen eine aktive Europapolitik betreiben und haben einen konstruktiven Gestaltungsanspruch, zu dem auch gehört, uns durch eine stringentere Koordinierung eindeutig und frühzeitig zu Vorhaben der Europäische Kommission zu positionieren.",koalition,203 - Constitutionalism: Positive
Die Möglichkeiten zur Abschreibung für Wohnungsbauinvestitionen wollen wir verbessern.,fdp,406 - Protectionism: Positive
Private Firmen können auf dieser Grundlage Produkte und Apps aufbauen.,gruene,606 - Civic Mindedness: Positive
So wollen wir vom Nachzügler beim E-Government zum Vorreiter beim „Virtual Government“ werden.,fdp,203 - Constitutionalism: Positive
DEUTSCHLANDS STÄDTE STEHEN IM STAU.,fdp,606 - Civic Mindedness: Positive
IGF).,koalition,606 - Civic Mindedness: Positive
Mehr German Mut für mehr Klimaschutz und mehr nachhaltige Entwicklung.,fdp,303 - Governmental and Administrative Efficiency
"143 Außen, Sicherheit, Verteidigung, Entwicklung, Menschenrechte Unsere Außen-, Sicherheits- und Entwicklungspolitik werden wir wertebasiert und europäischer aufstellen.",koalition,203 - Constitutionalism: Positive
Wir werden innovative Formen der erneuerbaren Stromerzeugung wie integrierte Photovoltaik in der Gebäudehülle und auf landwirtschaftlichen Flächen gezielt fördern und neue strategische Energiepartnerschaften aufbauen.,spd,405 - Corporatism/ Mixed Economy
"Wir schützen hier und weltweit den Wald, fördern die Wiederbewaldung und Renaturierung zerstörter Flächen und wollen dazu Verträge und Partnerschaften mit entsprechenden Ländern schließen.",gruene,414 - Economic Orthodoxy
In der Entwicklungspolitik wollen wir hier  238 Ka pi te l 6  einen neuen Fokus setzen und unser Engagement deutlich steigern.,gruene,703 - Agriculture and Farmers: Positive
Wer das 60.,fdp,409 - Keynesian Demand Management
Nachrichtendienste sind ein wichtiger Teil der wehrhaften Demokratie.,koalition,203 - Constitutionalism: Positive
Doppelte Belastungen und andere Bremsklötze schaffen wir ab.,gruene,107 - Internationalism: Positive
"Wir machen uns deshalb stark für zivile Krisenprävention und wollen mit einer restriktiven Ausfuhrkontrolle europäische Rüstungsexporte an Diktaturen, menschenrechtsverachtende Regime und in Kriegsgebiete beenden.",gruene,203 - Constitutionalism: Positive
"Damit sollen unter anderem Migrationsberatungsstellen gestärkt und aufgebaut, Dolmetschleistungen im Gemeinwesen finanziert, zivilgesellschaftliche Unterstützungsstrukturen gefördert und strukturelle Entlastungen der Kommunen, die sich zur Aufnahme von Geflüchteten bereit erklären, in der EU gesichert werden.",gruene,303 - Governmental and Administrative Efficiency
"Wir werden den Vorschlägen der EU-Kommission zu den Plänen des Wiederaufbaufonds zustimmen, wenn Voraussetzungen wie eine unabhängige Justiz gesichert sind.",koalition,701 - Labour Groups: Positive
"Wir unterstützen die Kinder von psychisch, sucht- oder chronisch kranken Eltern.",koalition,302 - Centralisation
Für Menschen mit gefährlichen rechtsextremen Einstellungen ist im öffentlichen Dienst kein Platz.,fdp,507 - Education Limitation
So wollen wir auch im Gebäudebereich zu einer Kreislaufwirtschaft kommen.,koalition,303 - Governmental and Administrative Efficiency
Bei Kernaufgaben des Staates verbleibt es grundsätzlich bei einer staatlichen Umsetzung und Finanzierung.,koalition,703 - Agriculture and Farmers: Positive
"Unsere Solidarität gilt allen Opfern und Betroffenen von rechtsterroristischen, extrem rechten und rassistischen Angriffen.",gruene,110 - European Community/Union: Negative
Wir schließen Lücken im Opferentschädigungsrecht und bei der Opferhilfe.,koalition,606 - Civic Mindedness: Positive
"Die Künstlersozialkasse (KSK) muss finanziell gestärkt, Rechtssicherheit für die Mitgliedschaft in der KSK, auch für Künstler*innen, die nur zeitweise für Produktionen versicherungspflichtig angestellt sind, geschaffen und die freiwillige Weiterversicherung für Selbständige in der Arbeitslosenversicherung vereinfacht werden.",gruene,101 - Foreign Special Relationships: Positive
Eine besondere Bedeutung kommt dem Austausch von wissenschaftlichen Erkenntnissen mit der Gesellschaft zu.,spd,415 - Marxist Analysis: Positive
Gesundheitsfinanzierung Wir bekennen uns zu einer stabilen und verlässlichen Finanzierung der gesetzlichen Krankenversicherung (GKV).,koalition,101 - Foreign Special Relationships: Positive
"Zusammen mit Ländern und Kommunen wollen wir eine Engagementkarte einführen, um den Besuch von Schwimmbädern und Kultureinrichtungen   183 Ka pi te l 5  oder die Nutzung von ÖPNV zu vergünstigen.",gruene,101 - Foreign Special Relationships: Positive
Förderung für Selbstständige in Kultur- und Kreativwirtschaft Wir Freie Demokraten setzen uns für eine starke Kultur- und Kreativwirtschaft als wichtigen Wirtschaftszweig in Deutschland ein.,fdp,101 - Foreign Special Relationships: Positive
"Wir werden ein dauerhaftes, regelmäßiges und unabhängiges Monitoring der Gesetze im Sicherheitsbereich schaffen.",spd,102 - Foreign Special Relationships: Negative
"Unser Steuersystem wollen wir schrittweise so umbauen, dass Umweltbelastung und Ressourcenverbrauch stärker besteuert werden und dafür beispielsweise Steuern und Abgaben auf Arbeit verringert werden, oder die Einnahmen etwa als Energiegeld zurückgegeben werden.",gruene,405 - Corporatism/ Mixed Economy
Wir werden die Deutsche Bahn AG als integrierten Konzern inklusive des konzerninternen Arbeitsmarktes im öffentlichen Eigentum erhalten.,koalition,101 - Foreign Special Relationships: Positive
Gewagte Forschungsideen finden in der Zukunftsstrategie Platz.,koalition,702 - Labour Groups: Negative
Dazu sollen sich Bund und Länder unter Einbeziehung der Kommunen in einem Staatsvertrag verpflichten.,fdp,606 - Civic Mindedness: Positive
"Sie verlässlich zu fördern, ist unsere Aufgabe.",koalition,413 - Nationalisation
"Wir wollen die Vermögensteuer wieder in Kraft setzen, auch um die Finanzkraft der Länder für wichtige Zukunftsaufgaben zu verbessern.",spd,703 - Agriculture and Farmers: Positive
"Ein kritischer Diskurs und eine Vielfalt an Meinungen innerhalb der Hochschulen und der Wissenschaft sind Voraussetzung für eine demokratische, pluralistische Gesellschaft.",gruene,105 - Military: Negative
"Hier entstehen die Lösungen für die Herausforderungen der Zukunft, er sichert Wertschöpfung in den Regionen und für sie.",gruene,303 - Governmental and Administrative Efficiency
"Es gilt, die soziale Marktwirtschaft als eine sozial- ökologische Marktwirtschaft neu zu begründen.",koalition,303 - Governmental and Administrative Efficiency
"Wir brauchen darum neben zielgruppenspezifischen Formulierungen von Stellenausschreibungen, Anerkennung von Vielfaltskompetenzen, Anerkennung von im Ausland erworbenen Qualifikationen sowie Entgeltgerechtigkeit auch ein Partizipations- und Integrationsgesetz, das staatliche Institutionen zu einem Prozess der interkulturellen Öffnung verpflichtet.",spd,201 - Freedom and Human Rights
Parteiensponsoring werden wir ab einer Bagatellgrenze veröffentlichungspflichtig machen.,koalition,404 - Economic Planning
Die Rentenkassen und die Finanzverwaltung sollen dazu detaillierte und individuelle Berechnungen vorlegen.,fdp,409 - Keynesian Demand Management
Im Ausbildungsmarkt wollen wir Menschen mit Migrationsgeschichte mit einer Förderinitiative stärken.,koalition,303 - Governmental and Administrative Efficiency
"Wir wollen eine präzisere Regelung für Opfer häuslicher oder partnerschaftlicher Gewalt, die nur ein abgeleitetes Aufenthaltsrecht besitzen.",koalition,301 - Federalism
"Wir schließen bestehende Lücken in der Nutztierhaltungsverordnung und verbessern das Tierschutzgesetz (Qualzucht konkretisieren, nichtkurative Eingriffe deutlich reduzieren, Anbindehaltung spätestens in zehn Jahren beenden).",koalition,106 - Peace
"Zusatzprotokoll zur Europäischen Menschenrechtskonvention über Antidiskriminierung, das Fakultativprotokoll zum Sozialpakt und die Wanderarbeiterkonvention der Vereinten Nationen sowie die VN-Erklärung über die Rechte von Kleinbauern und -bäuerinnen zu ratifizieren.",gruene,701 - Labour Groups: Positive
Unterm Strich werden so Geringverdiener*innen und Familien entlastet und vor allem Menschen mit hohen Einkommen belastet.,gruene,403 - Market Regulation
243 Ka pi te l 6  Aufnahme- und Transitländer unterstützen Die humanitäre Versorgung von Geflüchteten außerhalb der Europäischen Union ist Bestandteil unserer globalen Verantwortung.,gruene,701 - Labour Groups: Positive
"Deshalb wollen wir die Europäische Weltraumorganisation (ESA) und den Bereich New Space stärken und uns für einen europäi-   155 Ka pi te l 4  schen und neuen internationalen Rechtsrahmen einsetzen, der auch private Akteur*innen reguliert.",gruene,409 - Keynesian Demand Management
"Wir werden umfassende Nachhaltigkeits-, Klima-, Diversitäts- und Digitalstrategien verabschieden.",koalition,702 - Labour Groups: Negative
"Damit mehr Menschen auf das Fahrrad steigen oder öfter zu Fuß gehen, sind zeitgemäße Verkehrsregeln, eine sichere Gestaltung der Verkehrsinfrastruktur und eine Neuverteilung der Flächen entscheidend.",gruene,405 - Corporatism/ Mixed Economy
"Antiziganismus entschlossen bekämpfen Immer noch werden Menschen mit Romani-Hintergrund in Europa und Deutschland aufgrund eines tiefsitzenden Rassismus diskriminiert, der bis in die Mitte der Gesellschaft reicht.",gruene,302 - Centralisation
"Eurozone 88 Export 49, 250 Extremismus 196 f.",gruene,110 - European Community/Union: Negative
Mit einer doppelten Pflegegarantie wollen wir die Eigenanteile schnell senken und dauerhaft deckeln.,gruene,101 - Foreign Special Relationships: Positive
Verbesserte Abschreibungsbedingungen Wir Freie Demokraten wollen die Abschreibungsbedingungen verbessern.,fdp,303 - Governmental and Administrative Efficiency
"Wir wollen diejenigen besonders schützen, die der Bundesrepublik Deutschland im Ausland als Partner zur Seite standen und sich für Demokratie und gesellschaftliche Weiterentwicklung eingesetzt haben.",koalition,101 - Foreign Special Relationships: Positive
"Es ist im deutschen und europäischen Interesse, wenn wir mit Russland in Fragen der gemeinsamen Sicherheit, Abrüstung und Rüstungskontrolle wie auch bei Klima, Nachhaltigkeit, Energie und der Bekämpfung von Pandemien gemeinsame Fortschritte erreichen.",spd,203 - Constitutionalism: Positive
Für uns geht es um die Bewältigung von Zukunftsaufgaben.,spd,110 - European Community/Union: Negative
"In der Entwicklungszusammenarbeit arbeiten wir mit unseren Partnern am Aufbau ihrer unabhängigen digitalen Infrastruktur zur Stärkung ihrer digitalen Souveränität, auch auf EU-Ebene.",koalition,203 - Constitutionalism: Positive
Für gentechnisch veränderte Nutzpflanzen müssen daher aktuelle und wissenschaftlich basierte Zulassungskriterien gelten.,fdp,405 - Corporatism/ Mixed Economy
Freiwilligendienste ausbauen und für alle ermöglichen Freiwilligendienste stärken den Zusammenhalt und fördern die aktive Teilhabe an unserer Gesellschaft.,gruene,606 - Civic Mindedness: Positive
Unser Ziel ist eine Gründungswelle neuer Genossenschaften und von sozial-ökologisch inspirierter und am Gemeinwohl orientierter Unternehmen.,gruene,303 - Governmental and Administrative Efficiency
"Wir werden die Rahmenbedingen auf den Märkten für Kultur- und Kreativwirtschaft so gestalten, dass entsprechende Geschäfts- und Erlösmodelle gestärkt werden.",spd,303 - Governmental and Administrative Efficiency
"Die Entwicklung eines erfolgreichen Impfstoffes gegen SarsCoV2 in Deutschland zeigt: Wir können unser Innovationspotenzial heben, wenn wir unsere Ressourcen effektiv bündeln und einsetzen.",koalition,702 - Labour Groups: Negative
Sie benötigen dringend mehr Unterstützung und niedrigschwellige Beratungsangebote.,fdp,413 - Nationalisation
"Statt Wohlstand und Nachhaltigkeit, Wachstum und Klimapolitik, wirtschaftliche Stärke und ökologische Verantwortung zu verbinden, setzte sie auf Verbote und Dirigismus.",fdp,703 - Agriculture and Farmers: Positive
Wir wollen Informations- und Meinungsfreiheit auch bei automatisierten Entscheidungsmechanismen sicherstellen.,koalition,105 - Military: Negative
Dafür werden wir Infrastruktur ausbauen und modernisieren sowie Rahmenbedingungen für vielfältige Mobilitätsangebote in Stadt und Land weiterentwickeln.,koalition,405 - Corporatism/ Mixed Economy
"Wir wollen einen inklusiven Arbeitsmarkt schaffen und dafür Arbeitgeber*innen, die Menschen mit Behinderungen beschäftigen, besser unterstützen.",gruene,403 - Market Regulation
"Um es kleinen Unternehmen einfacher zu machen, eine betriebliche Altersvorsorge anzubieten, wollen wir die reine Beitragsgarantie für kleine Unternehmen einführen, sie bei der Haftung entlasten und so für eine bessere Verbreitung der betrieblichen Altersvorsorge sorgen.",gruene,303 - Governmental and Administrative Efficiency
"Es verdient große Anerkennung, dass immer mehr junge Menschen es sich vorstellen können, soziale Berufe zu ergreifen, Mädchen genauso wie Jungen es sind Berufe mit Bedeutung und Zukunft.",spd,303 - Governmental and Administrative Efficiency
Die flankierenden arbeitspolitischen Maßnahmen wie das Anpassungsgeld werden entsprechend angepasst und um eine Qualifizierungskomponente für jüngere Beschäftigte ergänzt.,koalition,303 - Governmental and Administrative Efficiency
Bürokratie wollen wir durch verstärkte Digitalisierung abbauen.,gruene,701 - Labour Groups: Positive
Erinnerungs- und Gedenkkultur stärken – Gedenkstättenkonzept modernisieren Wir Freie Demokraten wollen das Gedenkstättenkonzept modernisieren.,fdp,413 - Nationalisation
Wir wollen ungewollt Kinderlose besser unterstützen.,koalition,501 - Environmental Protection: Positive
"Mehr Wettbewerb zwischen Krankenkassen ermöglichen Wir Freie Demokraten setzen uns für einen qualitäts-, effizienz- und innovationssteigernden Wettbewerb unter den Kassen ein.",fdp,107 - Internationalism: Positive
Überflüssige Bürokratie werden wir abbauen.,koalition,409 - Keynesian Demand Management
"Schwangerschaftswoche geboren werden, erweitern wir den Anspruch auf Elterngeld.",koalition,413 - Nationalisation
In Kosmetika und Pflegeprodukten hat Mikroplastik nichts verloren.,gruene,303 - Governmental and Administrative Efficiency
"Wir werden sie dabei unterstützen, neue Lösungen für den Klimaschutz zu entwickeln und vor Ort als Reallabore für Klimaneutralität Ideen praktisch erproben zu können.",gruene,303 - Governmental and Administrative Efficiency
"Wir werden die länderübergreifende Zusammenarbeit in Kinderschutzfällen verbessern und streben einheitliche Standards für das fachliche Vorgehen, z.",koalition,703 - Agriculture and Farmers: Positive
"Wir wollen deshalb die Einstimmigkeitsregel im EU- Ministerrat in der Gemeinsamen Außen- und Sicherheitspolitik (GASP) durch Abstimmungen mit qualifizierter Mehrheit ersetzen und dafür mit unseren Partnern einen Mechanismus entwickeln, um auch die kleineren Mitgliedstaaten auf diesem Weg angemessen zu beteiligen.",koalition,203 - Constitutionalism: Positive
"Um sich in Deutschland ein Leben aufzubauen, braucht es langfristige Perspektiven.",gruene,606 - Civic Mindedness: Positive
Die Bundesregierung wird zur Umsetzung bis spätestens Mitte 2022 ein Konzept mit objektiven Kriterien vorlegen.,koalition,102 - Foreign Special Relationships: Negative
"Kulturförderung Die Neustart-Programme führen wir zunächst fort, um den Übergang nach der Pandemie abzusichern.",koalition,101 - Foreign Special Relationships: Positive
Dafür schaffen wir ein Gründerinnen-Stipendium und reservieren einen Teil des Zukunftsfonds.,koalition,101 - Foreign Special Relationships: Positive
Soziale Rechte müssen den gleichen Stellenwert erhalten wie die wirtschaftlichen Freiheiten des Binnenmarkts.,gruene,606 - Civic Mindedness: Positive
Wir werden der BImA mehr Freiheiten verschaffen und ihr die Aufnahme von Krediten ermöglichen.,koalition,303 - Governmental and Administrative Efficiency
"Die Bauordnungen aller Länder müssen harmonisiert werden, sodass dort einheitliche Anforderungen an den modularen und seriellen Bau enthalten sind.",fdp,302 - Centralisation
Vollzeitschulische Ausbildung muss vergütet und frei von Schulgeld sein.,koalition,110 - European Community/Union: Negative
Deshalb wird die Widerrufsprüfung künftig wieder anlassbezogen erfolgen.,koalition,413 - Nationalisation
Wir führen ein Prüf- und Zulassungsverfahren für Stallsysteme und für serienmäßig hergestellte Betäubungsanlagen ein.,koalition,106 - Peace
Den Beitrag zur Sozialen Pflegeversicherung (SPV) heben wir moderat an.,koalition,107 - Internationalism: Positive
Dabei muss die europäische und internationale Kooperation zur Definition einheitlicher Standards ebenso Schwerpunkt sein wie die Schaffung innovationsfreundlicher und rechtssicherer Vorgaben in Deutschland selbst.,fdp,703 - Agriculture and Farmers: Positive
"Dazu gehört es, systematische Vorsorgearbeit zu leisten, Lernrückstände zu schließen und deutsche wie auch muttersprachliche Sprachfertigkeiten zu fördern.",gruene,401 - Free Market Economy
"Organisationen, die Kinder betreuen, tragen dabei eine besondere Verantwortung.",gruene,106 - Peace
"Die Kommission wird zudem Vorschläge zur Bündelung von Wahlterminen, zur Verlängerung der Legislaturperiode auf fünf Jahre sowie zur Begrenzung der Amtszeit des Bundeskanzlers / der Bundeskanzlerin prüfen.",koalition,203 - Constitutionalism: Positive
"In den Mitgliedstaaten haben sich insbesondere bei freien Berufen unterschiedliche Systeme von Leistungserbringung, Selbstverwaltung und Selbstkontrolle herausgebildet.",koalition,107 - Internationalism: Positive
"Solange die Regelstudienzeit relevant für die Studienfinanzierung ist, soll Engagement von Studierenden durch verbesserte Anrechnungsmöglichkeiten von ehrenamtlicher Arbeit gefördert werden.",gruene,605 - Law and Order: Positive
"Den Zivilen Friedensdienst (ZFD) wollen wir weiterentwickeln und bedarfsgerecht ausbauen, das Zentrum für Internationale Friedenseinsätze (ZIF) sowie die Friedens- und Konfliktforschung stärken.",gruene,414 - Economic Orthodoxy
"Wir wollen Lärmbelastungen durch den Verkehr reduzieren, setzen uns für eine Reduzierung von mutwilligem Lärm ein und sorgen für mehr aktiven und passiven Lärmschutz.",koalition,405 - Corporatism/ Mixed Economy
Niemand soll mehr für einen Tagebau sein Zuhause verlassen müssen.,gruene,403 - Market Regulation
"Solange es Wettbewerbsverzerrung gibt, braucht es auch den Schutz des EU-Binnenmarktes und vor allem der kritischen Infrastruktur.",gruene,701 - Labour Groups: Positive
"Die Coronakrise hat gezeigt, dass die finanziellen Mittel für WLAN und Hardware allein nicht ausreichend sind, um im Notfall digitalen Unterricht von zu Hause aus zu ermöglichen.",fdp,110 - European Community/Union: Negative
"Die lokale Zivilgesellschaft, Menschen in der Diaspora und  248 Ka pi te l 6  Nachfahren der Opfer kolonialer Verbrechen sind Partner*innen.",gruene,401 - Free Market Economy
Wir Freie Demokraten wollen Chancen durch Freiräume eröffnen – für ein selbstbestimmtes Leben.,fdp,301 - Federalism
"Die Altersgrenze wollen wir auch hier auf 14 Jahre anhe-  102 Ka pi te l 3  ben, ein ärztliches Attest wird erst ab dem vierten Erkrankungstag des Kindes verpflichtend.",gruene,106 - Peace
"Wir werden uns auf Ebene der EU dafür einsetzen, Unterschiede im Insolvenz-, Steuer-, Verbraucherschutz-, Aufsichts- und Gesellschaftsrecht abzubauen.",koalition,107 - Internationalism: Positive
"Im Bereich der Unternehmensbesteuerung ist es uns ein Anliegen, die Steuerprüfung zu modernisieren und zu beschleunigen.",koalition,701 - Labour Groups: Positive
"Wir setzen uns für Rundfunkräte ein, die die Vielfalt unserer heutigen Gesellschaft besser abbilden, durchsetzungsstärker sowie sender- und staatsferner werden.",gruene,201 - Freedom and Human Rights
"Wir wollen einen Aufbruch in eine moderne sektorenübergreifende Gesundheits- und Pflegepolitik und ziehen Lehren aus der Pandemie, die uns die Verletzlichkeit unseres Gesundheitswesens vor Augen geführt hat.",koalition,303 - Governmental and Administrative Efficiency
"Wir treten allen verfassungsfeindlichen, gewaltbereiten Bestrebungen entschieden entgegen – ob Rechtsextremismus, Islamismus, Verschwörungsideologien, Linksextremismus oder jeder anderen Form des Extremismus.",koalition,507 - Education Limitation
In einem zweiten Schritt soll eine deutlich erweiterte Verlustverrechnung mit Gewinnen vergangener oder künftiger Jahre eingeführt werden.,fdp,703 - Agriculture and Farmers: Positive
"Neue Impulse für Rüstungskontrolle und Abrüstung Wir Freie Demokraten bekennen uns zum langfristigen Ziel einer atomwaffenfreien Welt und setzen uns dafür ein, die andauernde Krise der nuklearen Abrüstung und Rüstungskontrolle zu überwinden.",fdp,414 - Economic Orthodoxy
"Generationenbilanz in der Gesetzesfolgenabschätzung Wir Freie Demokraten wollen die Nachhaltigkeitsprüfung von Gesetzen stärken, parlamentarisch effektiv verankern und durch eine Generationenbilanzierung ergänzen.",fdp,702 - Labour Groups: Negative
Wir dynamisieren das Pflegegeld ab 2022 regelhaft.,koalition,303 - Governmental and Administrative Efficiency
Kapitel 2 Seite > 14 Die Digitalisierung darf die Gesellschaft nicht spalten.,spd,606 - Civic Mindedness: Positive
"Wir werden auch Solo-Selbständige besser absichern, deren Geschäftsmodell sie grundsätzlich trägt, wo jedoch unvorhersehbare erhebliche Einnahmeausfälle, etwa durch den kurzfristigen Wegfall von Auftraggebern, zu Notlagen führt.",spd,406 - Protectionism: Positive
Mit Japan wollen wir regelmäßige Regierungskonsultationen beginnen.,koalition,203 - Constitutionalism: Positive
Die Auswertung von Daten über Lernende verbessert das Lernen und die Lernumgebung.,fdp,110 - European Community/Union: Negative
Die Europäische Staatsanwaltschaft wollen wir finanziell und personell ausbauen.,koalition,701 - Labour Groups: Positive
"Zeit für gemeinsames Lernen und Spielen, Forschen und Entdecken, gemeinsame kulturelle, soziale und demokratische Erfahrungen, Sprach- und Bewegungsförderung, individuelle Förderung und Betreuung.",gruene,106 - Peace
Wir werden den Geltungsbereich der Mitbestimmung durch die Absenkung der Schwellenwerte der Unternehmensgrößen erweitern.,spd,107 - Internationalism: Positive
Finanzieller Verbraucherschutz und Altersvorsorge Wir wollen die Reform der deutschen Finanzaufsicht BaFin fortsetzen.,koalition,701 - Labour Groups: Positive
Wir wollen insbesondere die demokratische Kontrolle   81 Ka pi te l 2  bei der regulatorischen Kooperation verbessern.,gruene,304 - Political Corruption
Zugleich werden wir Investitionen in Wärmenetze und Quartierskonzepte staatlich fördern.,spd,405 - Corporatism/ Mixed Economy
Wir schaffen Rechtssicherheit für gemeinnützigen Journalismus und machen E-Sport gemeinnützig.,koalition,101 - Foreign Special Relationships: Positive
"Wir wollen, dass mehr Schiffe unter deutscher Flagge fahren.",koalition,303 - Governmental and Administrative Efficiency
"Wir setzen uns für neue internationale Übereinkünfte ein, um die Rüstungskontrolle digitaler Güter und das Völkerrecht zu stärken.",gruene,414 - Economic Orthodoxy
Wir unterstützen den Beitritt der EU zur Europäischen Menschenrechtskonvention.,koalition,701 - Labour Groups: Positive
Für mehr Repräsentanz und Teilhabe werden wir ein Partizipationsgesetz vorlegen mit dem Leitbild „Einheit in Vielfalt“ und die Partizipation der Einwanderungsgesellschaft stärken (etwa durch Einführung eines Partizipationsrates).,koalition,604 - Traditional Morality: Negative
"Doch auch insgesamt führten die Schulschließungen zu einer Bildungslücke quer durch  142 Ka pi te l 4  alle Jahrgänge, es fehlten das gemeinsame Lernen, die Gespräche, das Zusammensein auf dem Pausenhof, was sich bei Kindern und Jugendlichen auch auf die kognitive und soziale Entwicklung auswirken kann.",gruene,401 - Free Market Economy
"Europa Eine demokratisch gefestigtere, handlungsfähigere und strategisch souveränere Europäische Union ist die Grundlage für unseren Frieden, Wohlstand und Freiheit.",koalition,203 - Constitutionalism: Positive
Dazu müssen wir raus aus der Wegwerfgesellschaft.,spd,303 - Governmental and Administrative Efficiency
Zusammen leben . . . . . . . . . . . . . . . . . . . . . . . . .,spd,606 - Civic Mindedness: Positive
"Niedergelassene Ärztinnen und Ärzte, Zahnärztinnen und Zahnärzte, Tierärztinnen und Tierärzte, Apothekerinnen und Apotheker, Heilmittelerbringerinnen und Heilmittelerbringer sowie Hebammen und Geburtshelfer müssen in medizinischen Fragen autonom und frei von Weisungen Dritter entscheiden können.",fdp,107 - Internationalism: Positive
So sollen pflanzliche Milchalternativen mit dem reduzierten Mehrwertsteuersatz verkauft werden.,gruene,106 - Peace
"Dazu sind die kritische Aufarbeitung der kolonialen Verbrechen und die Dekolonisierung öffentlicher Räume zentral und es bedarf einer umfänglichen Provenienzforschung, Digitalisierung und transparenten Veröffentlichung sowie verbindlicher Regelungen zur Restitution von Kulturerbe aus kolonialen Kontexten.",gruene,203 - Constitutionalism: Positive
"Jede*r Bürger*in soll ohne Zusatzkosten und Extrageräte die Möglichkeit haben, diese Leistungen freiwillig und datenschutzkonform mit einer digitalen Identität zu nutzen.",spd,302 - Centralisation
"Geprüft wird die Errichtung einer Stiftung oder Gesellschaft, die den Rückbau der Kohleverstromung und die Renaturierung organisiert.",koalition,606 - Civic Mindedness: Positive
"Wir setzen auch bei der Stärkung des Multilateralismus, in Handelsfragen sowie bei der Gesundheit auf eine gute Kooperation mit den USA.",gruene,203 - Constitutionalism: Positive
"Für die wichtige Arbeit, die Erzieher*innen, Lehrkräfte und andere Pädagog*innen im Bildungssystem und in der Jugendhilfe leisten, brauchen sie einen guten Lohn und gute Arbeitsbedingungen.",gruene,413 - Nationalisation
Wir werden irreguläre Migration reduzieren und reguläre Migration ermöglichen.,koalition,413 - Nationalisation
Unser Ziel ist: Die Entscheidung für den Strategieentwicklungsraum wird umgehend umgesetzt.,koalition,703 - Agriculture and Farmers: Positive
"Solange der Schutz des Kernbereichs privater Lebensgestaltung nicht sichergestellt ist, muss ihr Einsatz unterbleiben.",koalition,409 - Keynesian Demand Management
Es soll auch in Zukunft als Garant für unsere Sicherheit stehen.,fdp,606 - Civic Mindedness: Positive
Die Steuerverwaltung muss deutlich gestärkt werden.,gruene,102 - Foreign Special Relationships: Negative
"Kinder haben eigene Rechte, die wir im Grundgesetz verankern wollen.",koalition,501 - Environmental Protection: Positive
Wir gewährleisten eine klare Zuordnung der 61 politischen Verantwortung für gute frühzeitige Bürgerbeteiligung beim Netzausbau.,koalition,409 - Keynesian Demand Management
11 Faire Regeln bei der internationalen Besteuerung . . . . . . . . . . . . . . . . . . . . . . . . . . . . . . . . . . . . . . . . . . . . . . . . . . . .,fdp,406 - Protectionism: Positive
Ohne sauberen Wasserstoff in großindustriell hergestelltem Maßstab ist Klimaneutralität nicht zu erreichen.,spd,702 - Labour Groups: Negative
Außerdem wollen wir eine Übernahme der Kosten für Unterkunft und Heizung für Geduldete.,gruene,413 - Nationalisation
Ein Ordnungsrahmen für eine sozial-ökologische Marktwirtschaft Wir müssen unsere Wirtschaft auf Klimaneutralität und die planetaren Grenzen ausrichten und eine Kreislaufwirtschaft etablieren.,gruene,303 - Governmental and Administrative Efficiency
Zukunftsmission III.,spd,606 - Civic Mindedness: Positive
150 Alle Angehörigen der Bundeswehr müssen unzweifelhaft auf dem Boden der freiheitlich demokratischen Grundordnung stehen.,koalition,409 - Keynesian Demand Management
Bei der Umsetzung achten wir auf investitionsfreundliche Rahmenbedingungen (Zugang zu Ratings und Erhalt des KMU-Faktors).,koalition,303 - Governmental and Administrative Efficiency
In demokratischen Gesellschaften begründet sich Führung durch die Kraft der Überzeugung.,gruene,105 - Military: Negative
"Moderner Staat und Demokratie Wir wollen einen grundlegenden Wandel hin zu einem ermöglichenden, lernenden und digitalen Staat, der vorausschauend für die Bürgerinnen und Bürger arbeitet.",koalition,203 - Constitutionalism: Positive
Wir investieren in Spitzenforschung und die Bildung von Clustern in diesen Bereichen.,gruene,702 - Labour Groups: Negative
"Nicht nur der Strom, auch das Benzin in unseren Autos, das Kerosin im Flugzeugtank, das Schweröl im Schiff, das Öl für die Heizung und das Gas im Industriebetrieb müssen auf erneuerbare Energien umgestellt werden.",gruene,405 - Corporatism/ Mixed Economy
Auch das ist eine Frage des Respekts.,spd,401 - Free Market Economy
103 Gleichstellung ..................................................................................................................................,koalition,413 - Nationalisation
Auf diese Weise werden sie unabhängiger von staatlichen Notprogrammen.,fdp,703 - Agriculture and Farmers: Positive
Flächendeckend wollen wir Jugendberufsagenturen ausbauen.,fdp,604 - Traditional Morality: Negative
Darüber hinaus werden wir die Länder des Globalen Südens bei der Anpassung an den Klimawandel in ihrer nachhaltigen Entwicklung unterstützen.,spd,414 - Economic Orthodoxy
Für sich selbst und die Familie.,spd,106 - Peace
"Wir werden das Institut der Verantwortungsgemeinschaft einführen und damit jenseits von Liebesbeziehungen oder der Ehe zwei oder mehr volljährigen Personen ermöglichen, rechtlich füreinander Verantwortung zu übernehmen.",koalition,501 - Environmental Protection: Positive
"Sozial gerechte Energiepreise Um – auch angesichts höherer CO2-Preiskomponenten – für sozial gerechte und für die Wirtschaft wettbewerbsfähige Energiepreise zu sorgen, werden wir die Finanzierung der EEG-Umlage über den Strompreis beenden.",koalition,403 - Market Regulation
"Organisationen, die gegen Hass und Hetze im Netz aktiv sind, sichern wir unsere Unterstützung zu.",spd,402 - Incentives
"Steigende Preise von Grund und Boden haben steigende Bau- und Wohnkosten zur Folge, was wiederum zu Verdrängung führt.",gruene,403 - Market Regulation
In dieser Legislaturperiode steigt der Beitragssatz nicht über 20 Prozent.,koalition,403 - Market Regulation
"Rechtsakte der EU, die gegen Diskriminierung aufgrund von Rassismus gelten, müssen künftig auch Homophobie und andere Diskriminierung umfassen.",koalition,302 - Centralisation
Wir Freie Demokraten sehen in nachhaltiger Entwicklung die Chance auf mehr Freiheit für uns alle und für zukünftige Generationen.,fdp,303 - Governmental and Administrative Efficiency
"Durch die Solidarität, mit der unsere Gesellschaft den Verletzlichsten den stärksten Schutz gegeben hat.",gruene,303 - Governmental and Administrative Efficiency
"Wir werden deshalb den Vorschlag eines neuen, bundesweiten und einheitlichen Personalbemessungsrahmens voranbringen.",spd,409 - Keynesian Demand Management
Die duale Ausbildung muss auf sichere Beine gestellt werden.,gruene,110 - European Community/Union: Negative
Wir setzen den Reformprozess der Stiftung Preußischer Kulturbesitz gemeinsam mit den Ländern fort.,koalition,304 - Political Corruption
"15 Innovation, Wissenschaft, Hochschule und Forschung .....................................................................",koalition,606 - Civic Mindedness: Positive
Arbeit wertschätzen Unser Ziel ist Vollbeschäftigung mit gerechten Löhnen.,spd,403 - Market Regulation
Der Höchstbetrag wird sich an den Ausgaben von Familien mit mittleren Einkommen für Bildung und Teilhabe orientieren und mindestens doppelt so hoch sein wie der Basisbetrag.,spd,101 - Foreign Special Relationships: Positive
"Dabei benötigen Menschen, die nur analog unterwegs sind, Unterstützung durch Weiterbildung und Hilfe.",gruene,303 - Governmental and Administrative Efficiency
Der Neuregelung geht eine Evaluation voraus.,koalition,409 - Keynesian Demand Management
Das deutsche Staatsangehörigkeitsrecht sollte im Fall einer Einbürgerung grundsätzlich auch die Mehrstaatigkeit zulassen.,fdp,401 - Free Market Economy
"Wir wollen außerdem den Zugang zum Recht erleichtern, indem geringfügige Forderungen in einem vollständig digitalen, kostengünstigen und schnellen Verfahren geltend gemacht werden können.",fdp,409 - Keynesian Demand Management
"Wir wollen Menschen, die sich bürgerschaftlich engagieren, unterstützen, gerade auch junge Menschen für das Ehrenamt begeistern und daher das Ehrenamt von Bürokratie und möglichen Haftungsrisiken entlasten.",koalition,606 - Civic Mindedness: Positive
"Q ue lle : I N RI X 20 21 , A ng ab e St un de n pr o Ja hr München Berlin Nürnberg Hamburg Leipzig Freiburg Hannover Bremen Düsseldorf Stuttgart 65 h 46 h 35 h 33 h 31 h 30 h 28 h 27 h 27 h 26 h Das Programm der Freien Demokraten zur Bundestagswahl 2021 24 Technologieoffenheit im Fahrzeugbau Wir Freie Demokraten fordern technologieoffene Gesetze und Verordnungen im Fahrzeugbau.",fdp,606 - Civic Mindedness: Positive
Wir setzen zügig eine von Bund und Ländern gemeinsam 41 getragene Nationale Wasserstrategie mit dem Ziel eines integrierten Wassermanagements um.,koalition,702 - Labour Groups: Negative
Vorständen und anderen Führungskräften wollen wir eine zeitlich begrenzte Auszeit ermöglichen.,fdp,107 - Internationalism: Positive
PRESSE- UND MEINUNGSFREIHEIT SCHÜTZEN Presse- und Meinungsfreiheit sind Grundpfeiler unserer liberalen und offenen demokratischen Gesellschaft.,fdp,701 - Labour Groups: Positive
"Die Aufgaben sind groß, die Wider-   11 Ei nl ei tu ng  stände ebenfalls.",gruene,110 - European Community/Union: Negative
Der dazu benötigte Kulturwandel wird durch Science-Entrepreneurship-Initiativen begleitet.,koalition,303 - Governmental and Administrative Efficiency
Diese steht zu 100 Prozent im Eigentum der Deutschen Bahn als Gesamtkonzern.,koalition,304 - Political Corruption
"92 Um die Ursachen drohender Wohnungslosigkeit zu beseitigen, werden wir das Mietrecht, insbesondere dort wo Schonfristzahlungen dem Weiterführen des Mietverhältnisses entgegenstehen, evaluieren und entgegensteuern.",koalition,406 - Protectionism: Positive
"Wir werden die im Strukturstärkungsgesetz vereinbarten Verkehrsinfrastrukturprojekte, insbesondere im Bereich Schieneninfrastruktur, wie geplant umsetzen.",koalition,104 - Military: Positive
Wir werden wieder verstärkt humanitäre Bundesaufnahmeprogramme sowie Kontingente aus den EU-Staaten mit Außengrenzen auf den Weg bringen.,gruene,110 - European Community/Union: Negative
Wir stehen für einen umfassenden Sicherheitsbegriff.,koalition,606 - Civic Mindedness: Positive
"Auch   153 Ka pi te l 4  durch die Corona-Pandemie ist bei vielen die Notwendigkeit entstanden, sich neue Arbeitsfelder zu erschließen.",gruene,303 - Governmental and Administrative Efficiency
Wir werden das Transsexuellengesetz abschaffen und durch ein Selbstbestimmungsgesetz ersetzen.,koalition,302 - Centralisation
Recht auf Anonymität im öffentlichen Raum Wir Freie Demokraten fordern ein Recht auf Anonymität im öffentlichen Raum und lehnen den Einsatz der automatisierten Gesichtserkennung ab.,fdp,302 - Centralisation
"Deshalb wollen wir wertvolle Landschaftselemente wie artenreiche Blumenwiesen, Streuobstbestände, Weinbau-Terrassen, Alleen, Einzelbäume und Blühstreifen entlang von Straßen und auf kommunalen Flächen besser schützen und neu schaffen.",gruene,413 - Nationalisation
Wir wollen Pflegenden ihre Berufsbiographie von der Assistenzkraft bis zur Pflegeprofessur selbst in die Hand legen.,fdp,107 - Internationalism: Positive
Wir ermöglichen englischsprachige Spezialkammern für internationale Handels- und Wirtschaftsstreitigkeiten.,koalition,203 - Constitutionalism: Positive
Die Erfolge tragen eine erkennbar sozialdemokratische Handschrift.,spd,703 - Agriculture and Farmers: Positive
"Der öffentlich-rechtliche Rundfunk braucht eine Auftrags- und Strukturreform Wir Freie Demokraten wollen einen moderneren und schlankeren öffentlich-rechtlichen Rundfunk (ÖRR), der sich primär auf Nachrichten, Kultur, politische Bildung und Dokumentationen konzentrieren soll.",fdp,203 - Constitutionalism: Positive
Für Kommunen sollen regionale Wärme- und Energiesowie integrierte Quartiersplanungen verbindlich gelten.,gruene,606 - Civic Mindedness: Positive
"Deutschland muss als Exportnation ein Interesse daran haben, möglichst weltweit abgestimmte Regeln zur internationalen Verteilung der Besteuerungsrechte auch in Zeiten digitaler Geschäftsmodelle zu erreichen.",fdp,107 - Internationalism: Positive
"Dazu gehört auch, dass vor allem große internationale Unternehmen ihren Beitrag zur Finanzierung des Gemeinwesens leisten.",fdp,703 - Agriculture and Farmers: Positive
"Zusammenarbeit von Polizei und Justiz Wir intensivieren die grenzüberschreitende polizeiliche und justizielle Zusammenarbeit rechtsstaatlich, sichern dabei hohe Datenschutzstandards und verbessern den grenzüberschreitenden Rechtsschutz.",koalition,203 - Constitutionalism: Positive
Dies muss aber unter Wahrung des Datenschutzes geschehen.,fdp,606 - Civic Mindedness: Positive
31 Modernes Recht für starke Familien . . . . . . . . . . . . . . . . . . . . . . . . . . . . . . . . . . . . . . . . . . . . . . . . . . . . . . . . . . . . . .,fdp,409 - Keynesian Demand Management
"Hierzu wollen wir Teilqualifizierungen ausbauen, die Ausbildungsdauer flexibilisieren, digitale Ausbildungsangebote fördern und verstärkt Teilzeitausbildungen ermöglichen.",fdp,604 - Traditional Morality: Negative
"Darin unterstützen wir u. a. die Länder bei der Aufklärung an Schulen und in der Jugendarbeit, fördern Angebote für ältere LSBTI und bringen in der Arbeitswelt das Diversity Management voran, insbesondere im Mittelstand und im öffentlichen Dienst.",koalition,302 - Centralisation
Neue Chancen und Innovationen können sich durch vermehrt datengetriebene Geschäftsmodelle ergeben.,fdp,606 - Civic Mindedness: Positive
"Wir brauchen Forschung, Wissenschaft, Innovationen und die vielen klugen Ideen der Menschen.",fdp,303 - Governmental and Administrative Efficiency
Dazu wollen wir eine umfassende Ausbildungs- und Forschungsoffensive starten.,gruene,415 - Marxist Analysis: Positive
"Diese Maßnahme leistet auch einen Beitrag zur sozial gerechten Finanzierung der Energiewende, weil dadurch die Stromrechnung deutlich sinkt.",spd,403 - Market Regulation
Denken außerhalb alter Muster ist gefragt.,spd,409 - Keynesian Demand Management
"Eine Europäische Entwicklungsbank, die den Fokus auf Demokratie, Marktwirtschaft und Rechtsstaatlichkeit legt und die Mobilisierung von privatem Kapital steigert, kann Teil einer gemeinsamen europäischen Antwort auf die chinesische „Belt and Road“-Initiative sein, damit Entwicklungsländer nicht vom autokratischen Regime in Peking abhängig werden.",fdp,203 - Constitutionalism: Positive
"Dies kann nur in einem übergreifenden Konsens gelingen, der das Einvernehmen der Länder erfordert und einer Änderung des Grundgesetzes bedarf, für die die entsprechende Mehrheit im Deutschen Bundestag und Bundesrat nötig ist.",koalition,606 - Civic Mindedness: Positive
Wir bekämpfen Hassrede und Desinformation.,koalition,203 - Constitutionalism: Positive
Januar 2025 soll jede neu eingebaute Heizung auf der Basis von 65 Prozent erneuerbarer Energien betrieben werden; zum 1.,koalition,405 - Corporatism/ Mixed Economy
"Hürden beim Mittelabruf werden wir abbauen, für finanzschwache Kommunen z.",koalition,703 - Agriculture and Farmers: Positive
"Das bedeutet auch eine Modernisierung des Allgemeinen Gleichbehandlungsgesetzes sowie strenge Kriterien für den Einsatz von algorithmischen und automatischen Entscheidungen, insbesondere in der öffentlichen Verwaltung.",gruene,302 - Centralisation
Mit einem Shelter-System wie in Dänemark wollen wir Natur für alle erlebbar machen.,gruene,101 - Foreign Special Relationships: Positive
"Beteiligungen an Genossenschaften und den gemeinschaftlichen Erwerb durch Mieter*innen, beispielsweise im Rahmen des Mietshäusersyndikats und anderer gemeinschaftlicher Projekte, wollen wir unterstützen, zum Beispiel indem wir unbürokratisch günstige Kredite oder Bürgschaften gewähren.",gruene,406 - Protectionism: Positive
Die Kaufförderung emissionsfreier Autos wollen wir in ein Bonus-Malus-System überführen und für Elektro- Leichtfahrzeuge öffnen.,gruene,101 - Foreign Special Relationships: Positive
"Nicht nur die Förderung des demokratischen Staatswesens, sondern auch die Förderung tragender Grundsätze sollte klar gemeinnützig sein.",gruene,101 - Foreign Special Relationships: Positive
"Ausrüstung statt Aufrüstung diesem Prinzip verpflichtet, haben wir wesentliche Beschaffungsvorhaben für die Bundeswehr vorangetrieben und setzen uns kontinuierlich für die Verbesserungen der persönlichen Ausrüstung und sozialen Absicherung ein.",spd,110 - European Community/Union: Negative
33 Ka pi te l 1  Mehr Sicherheit durch die Mobilitätswende Alle Menschen sollen sich in ihrem Alltag angstfrei fortbewegen und unversehrt ihre Ziele erreichen können.,gruene,606 - Civic Mindedness: Positive
"Gerade Kinder, ältere Menschen oder Menschen mit Behinderung brauchen eine besondere Aufmerksamkeit bei der Verkehrsplanung.",gruene,302 - Centralisation
"Norwegen Vereinigte Staaten Dänemark Frankreich Türkei OECD-Durchschnitt Deutschland Bildungsausgaben als Anteil am Bruttoinlandsprodukt (BIP) 3 % 4 % 5 % 6 % 7 % Q ue lle : O EC D 2 02 0, B ild un g au f e in en B lic k Das Programm der Freien Demokraten zur Bundestagswahl 2021 14 dungen bei der Schul- und Unterrichtsentwicklung unterstützt werden.",fdp,110 - European Community/Union: Negative
Wir wollen grundsätzlich die Justiz serviceorientierter gestalten und hierzu neue Wege suchen.,gruene,701 - Labour Groups: Positive
"Wir werden Deutschland bis 2030 zum Leitmarkt für Wasserstofftechnologien machen – für die klimaneutrale Erzeugung von Stahl, für CO2-arme PKWs, LKWs und den Schiffs- und Flugverkehr.",spd,405 - Corporatism/ Mixed Economy
"Wir wollen die Innovationswirkung der Games-Branche nutzen, die Integration und Vernetzung mit dem organisierten Sport fördern und die Nutzung möglicher positiver Effekte in den Bereichen Prävention und Gesundheit weiter vorantreiben.",fdp,101 - Foreign Special Relationships: Positive
"F Fachkräfte 98, 100, 118, 128, 144 ff.",gruene,413 - Nationalisation
"Bei jeder Städtebau- und Gebäudeplanung sind künftig der gesamte Stoff- und Energieverbrauch für Bau, Betrieb und späteren Rückbau umfassend zu berücksichtigen.",gruene,405 - Corporatism/ Mixed Economy
Dadurch wollen wir Anreize für eine ausgewogenere Aufteilung der Familienarbeit zwischen den Elternteilen schaffen.,fdp,409 - Keynesian Demand Management
"Zudem wollen wir Mieterstrom fördern, entbürokratisieren und so weiterentwickeln, dass Mieter*innen stärker vom Ausbau der Erneuerbaren profitieren.",gruene,303 - Governmental and Administrative Efficiency
Ganztag Wir werden den Ausbau der Ganztagsangebote mit einem besonderen Augenmerk auf die Qualität weiter unterstützen.,koalition,413 - Nationalisation
"Neben den Auslandseinsätzen im Rahmen des Internationalen Krisen- und Konfliktmanagements, die auf dem Völkerrecht insbesondere der Beschlüsse der VN basieren, hat die Landes- und Bündnisverteidigung an Bedeutung gewonnen.",koalition,203 - Constitutionalism: Positive
Sie gewährleistet dabei Daten- und Rechtssicherheit für Verbraucher*innen und Unternehmen und erhöht die Effizienz der   87 Ka pi te l 2  Euro-Transaktionen.,gruene,701 - Labour Groups: Positive
"Wir werden hierfür prüfen, ob die Feststellung des Schutzstatus in Ausnahmefällen unter Achtung der GFK und EMRK in Drittstaaten möglich ist.",koalition,413 - Nationalisation
Für alle Verkehrswege – von der Schiene über die Straße bis zum Radweg – muss der Aufwuchs der Investitionsmittel verlässlich fortgesetzt und zügig verbaut werden.,fdp,405 - Corporatism/ Mixed Economy
Unverheiratete Paare sollen verheirateten Paaren im Adoptionsrecht gleichgestellt werden.,fdp,501 - Environmental Protection: Positive
Aber sie müssen transparent und diskriminierungsfrei angelegt werden.,spd,201 - Freedom and Human Rights
"Eine größere Diversität in der Wissenschaft hilft auch, geschlechterspezifische Datenlücken zu verringern und neue Perspektiven einzubringen.",gruene,409 - Keynesian Demand Management
> 55 4.2.,spd,606 - Civic Mindedness: Positive
Die Nachrüstung von Lkw-Abbiegeassistenzsystemen werden wir bis zum verpflichtenden Einbau weiterhin fördern.,koalition,106 - Peace
"Die Zivilgesellschaft binden wir besser in digitalpolitische Vorhaben ein und unterstützen sie, insbesondere in den Bereichen Diversität und Civic Tech.",koalition,606 - Civic Mindedness: Positive
Geflüchtete dürfen nicht zum Spielball gemacht werden.,gruene,413 - Nationalisation
Dazu gehört auch der Einsatz von Drohnen.,spd,102 - Foreign Special Relationships: Negative
Deshalb soll der Vollabzug der Rentenversicherungsbeiträge als Sonderausgaben – statt nach dem Stufenplan ab 2025 – vorgezogen und bereits ab 2023 erfolgen.,koalition,107 - Internationalism: Positive
"Dazu gehört auch, dass die Bundeswehr entsprechend ihrem Auftrag und ihren Aufgaben personell und materiell sicher und planbar ausgestattet und bestmöglich organisiert sein muss.",gruene,102 - Foreign Special Relationships: Negative
Dazu starten wir eine große Fortbildungsoffensive für die öffentliche Verwaltung und werden die Digitalisierung zum Schwerpunkt einer jeden Verwaltungsausbildung machen.,gruene,604 - Traditional Morality: Negative
Eine Welt ohne Atomwaffen gibt es nur über Zwischenschritte.,gruene,414 - Economic Orthodoxy
"Damit alle Jugendlichen am Übergang von der Schule in den Beruf gute Beratung und in der Anfangsphase ihrer Ausbildung eine gute Betreuung aus einer Hand und unter einem Dach erhalten, unterstützen wir den Ausbau flächendeckender Jugendberufsagenturen.",gruene,604 - Traditional Morality: Negative
So wollen wir auch der historischen Verantwortung von Deutschland und Europa gerecht werden.,gruene,703 - Agriculture and Farmers: Positive
"Wir wollen ein multinationales Investitionsgericht, das bei Diskriminierung, sprich der ungleichen Behandlung zwischen Handelspartnern, eingreift.",spd,203 - Constitutionalism: Positive
Jüdisches Leben in Deutschland und Europa ist für uns integraler Bestandteil unserer Zivilgesellschaft.,fdp,608 - Multiculturalism: Negative
Auch Aufsichtsräte müssen gestärkt und kompetent besetzt werden.,gruene,604 - Traditional Morality: Negative
"Eine Beteiligung von nicht vertrauenswürdigen Unternehmen, insbesondere aus autoritären Staaten, an kritischer Infrastruktur lehnen wir ab.",gruene,202 - Democracy
Das spüren die Menschen vor Ort unmittelbar.,gruene,606 - Civic Mindedness: Positive
Die Wirtschaftskrise in der EU gemeinsam überwinden Wir Freie Demokraten wollen eine Neuaufstellung der europäischen Kohäsions- und Innovationspolitik.,fdp,701 - Labour Groups: Positive
"Faktisch bedeutet dies die Unterwerfung Hongkongs durch die kommunistische Partei Chinas und das Aus für das Prinzip „Ein Land, zwei Systeme“.",fdp,203 - Constitutionalism: Positive
Zudem wollen wir die betriebliche Mitbestimmung bei Entscheidungen über die ökologische Transformation stärken.,gruene,701 - Labour Groups: Positive
"Um die Stabilität und Berechenbarkeit der Finanzmärkte zu erhöhen, werden wir den schädlichen Hochfrequenzhandel eindämmen.",gruene,107 - Internationalism: Positive
Auch in der Ko-Nutzung sehen wir eine Möglichkeit für einen besseren Interessenausgleich.,koalition,606 - Civic Mindedness: Positive
"Wir wollen, dass Deutschland im Sinne eines vernetzten und inklusiven Ansatzes langfristig drei Prozent seines Bruttoinlandsprodukts in internationales Handeln investiert, so seine Diplomatie und seine Entwicklungspolitik stärkt und seine in der NATO eingegangenen Verpflichtungen erfüllt.",koalition,703 - Agriculture and Farmers: Positive
"Wer hingegen besonders viel CO2 spart, muss weniger Zertifikate kaufen und spart Geld und wer CO2 speichert, muss dafür Geld erhalten.",fdp,303 - Governmental and Administrative Efficiency
"Wir wollen liberalen und progressiven Muslimen, die weniger in den muslimischen Verbänden organisiert sind, ein stärkeres Gewicht einräumen.",fdp,608 - Multiculturalism: Negative
"Alle Sektoren werden einen Beitrag leisten müssen: Verkehr, Bauen und Wohnen, Stromerzeugung, Industrie und Landwirtschaft.",koalition,606 - Civic Mindedness: Positive
In der Familie wird füreinander Verantwortung übernommen.,spd,402 - Incentives
BÜRGERSERVICES ONLINE ERLEDIGEN STATT VOR DEM AMT SCHLANGE STEHEN.,fdp,606 - Civic Mindedness: Positive
Wir gewährleisten hohe Verbraucherschutzstandards und fördern den Sport.,koalition,101 - Foreign Special Relationships: Positive
"Wir verbessern den Wissensstand über die Gewässerqualitäten in Deutschland mit validierten Daten, unter anderem der Wasserversorger, und führen ein digitales Mapping ein.",koalition,405 - Corporatism/ Mixed Economy
Die Pflicht zum Nachweis der legalen Herkunft großer Zahlungen wollen wir verstärken.,gruene,107 - Internationalism: Positive
"Wir wollen dazu beitragen, Normen für verantwortliches Staatenverhalten im Cyberspace zu stärken.",koalition,606 - Civic Mindedness: Positive
Eine Absicherung braucht es aber auch darüber hinaus.,gruene,606 - Civic Mindedness: Positive
Quellen-TKÜ) ab.,gruene,606 - Civic Mindedness: Positive
Atom In den internationalen Bemühungen zur Erreichung der Klimaneutralität bekennt sich Deutschland eindeutig zum Ausbau und zur Nutzung der Erneuerbaren Energien.,koalition,405 - Corporatism/ Mixed Economy
Dafür unterstützen wir mit unserer Agrar- und Entwicklungspolitik eine globale sozial-ökologische Agrarwende.,gruene,606 - Civic Mindedness: Positive
"Wir haben aber auch gelernt, wie wir digital zusammenarbeiten und kommunizieren können.",spd,606 - Civic Mindedness: Positive
Gleichzeitig setzen wir Anreize für Transformationstarifverträge.,koalition,403 - Market Regulation
"Weil der Einsatz nachrichtendienstlicher Mittel für die Betroffenen einen massiven Eingriff in ihre Grundrechte darstellt, ist den betroffenen Personen sowie den Telekommunikationsunternehmen effektiver Rechtsschutz zu gewähren und eine praktisch wirksame Klagebefugnis gegen Überwachungsmaßnahmen einzuräumen.",fdp,701 - Labour Groups: Positive
"Mit verständlichen Informationen über Zutaten, Herkunft, Herstellung und zum ökologischen Fußabdruck wollen wir für die nötige Transparenz sorgen.",gruene,302 - Centralisation
"Luftreinhaltung Wir wollen die Luftbelastung weiter reduzieren, um die menschliche Gesundheit und die Umwelt nachhaltig zu schützen.",koalition,702 - Labour Groups: Negative
"Mit zusätzlichen Mitteln für Smart-City-Projekte unterstützen wir den Aufbau unabhängiger digitaler Plattformen, mit denen insbesondere der inhabergeführte stationäre Einzelhandel attraktive  138 Ka pi te l 3  Angebote machen kann.",gruene,606 - Civic Mindedness: Positive
"62 Ka pi te l 2  Ein Gründungskapital einführen Um den Wohlstand von morgen zu sichern, brauchen wir eine neue Gründer*innenwelle.",gruene,303 - Governmental and Administrative Efficiency
Menschenrechte sind völkerrechtliche Pflicht und unverrückbare Grundlage einer wertegeleiteten internationalen Politik.,gruene,414 - Economic Orthodoxy
"Wir glauben, dass Deutschland jetzt einen Neustart braucht.",fdp,703 - Agriculture and Farmers: Positive
Die Eingriffe des Staates in die bürgerlichen Freiheitsrechte müssen stets gut begründet und in ihrer Gesamtwirkung betrachtet werden.,koalition,102 - Foreign Special Relationships: Negative
Gleichwohl muss jedem Einsatz der Bundeswehr eine kritisch-inhaltliche Auseinandersetzung und eine Überprüfung der Voraussetzungen vorausgehen sowie die Erarbeitung möglicher Exit-Strategien.,koalition,507 - Education Limitation
Wir werden die Mehreinnahmen für Mobilität einsetzen.,koalition,405 - Corporatism/ Mixed Economy
Zum Erbe der Atomenergienutzung gehört die Endlagersuche.,gruene,104 - Military: Positive
"Entscheidend ist, dass dieser WTO konform ausgestaltet ist, die Exportindustrie nicht benachteiligt, Greenwashing verhindert und unbürokratisch innerhalb des bestehenden Emissionshandelssystems umgesetzt wird.",koalition,303 - Governmental and Administrative Efficiency
Bei der Vernetzung sind das Open-Data-Prinzip und offene Schnittstellen zu beachten.,gruene,606 - Civic Mindedness: Positive
"Wir stellen uns zur Wahl, damit es unserem Land besser geht: mit mehr individueller Freiheit und persönlicher Verantwortung, mit mehr Sozialer Marktwirtschaft und umfassender Nachhaltigkeit.",fdp,303 - Governmental and Administrative Efficiency
"Wir stärken die Beziehungen zwischen den Städten und bauen Urban Diplomacy aus, verstärken die Programme in europäischen Grenzregionen sowie die internationale Sportpolitik und den Bereich Religion und Außenpolitik.",koalition,203 - Constitutionalism: Positive
Wir haben aber ein Zukunftsproblem.,gruene,703 - Agriculture and Farmers: Positive
Dazu ist ein engagierter Aufbau der notwendigen Infrastruktur erforderlich.,koalition,606 - Civic Mindedness: Positive
Familien gehören zusammen.,spd,402 - Incentives
"Wir ermöglichen einen vereinfachten, rechtssicheren Zugang für Startups und junge Unternehmen zu öffentlichen Aufträgen.",koalition,701 - Labour Groups: Positive
"Die Tierhaltung soll so an die Fläche und an Obergrenzen pro Stall gebunden werden, dass eine umwelt- und tiergerechte Bewirtschaftung gewährleistet ist.",gruene,106 - Peace
"Ebenfalls begrüßen wir die verstärkte Veröffentlichung von Inhalten unter offenen und freien Lizenzen, um die Nutzung der Inhalte zum Beispiel im Rahmen freier Wissensprojekte (Wikipedia) oder auch im Schulunterricht leichter möglich zu machen.",spd,101 - Foreign Special Relationships: Positive
Detektion und Abwehr von Drohnen ist hoheitliche Aufgabe.,koalition,606 - Civic Mindedness: Positive
"Zuletzt aber wurde von Berlin aus bestenfalls verwaltet, oftmals gebremst.",gruene,703 - Agriculture and Farmers: Positive
"Für die Bereiche Verkehr und Wärme wurde in Deutschland auf Druck  20 Ka pi te l 1  der Klimabewegung und von uns Grünen zudem ein CO2-Preis eingeführt, dessen Lenkungswirkung aber weiter sozial gerecht verbessert werden muss.",gruene,606 - Civic Mindedness: Positive
Die Spekulation mit Nahrungsmitteln wollen wir durch die Absenkung der Positionslimits auf europäischer Ebene begrenzen.,koalition,701 - Labour Groups: Positive
Gleichzeitig erfordern die Berufe der Zukunft ganz neue Fähigkeiten.,gruene,303 - Governmental and Administrative Efficiency
"Nach wie vor setzen die einzelnen Staaten den durch die Vereinten Nationen vorgegebenen Minderheitenschutz in nationales Recht um, ohne dass einheitlich kontrolliert wird, ob das umfassend genug ist.",gruene,302 - Centralisation
"Basierend auf technischer Offenheit, Interoperabilität und besten Datenschutzstandards kann sie darüber hinaus gerade auch für die Zivilgesellschaft und Bildungseinrichtungen als Kommunikationsplattform dienen, um Inhalte bereitzustellen und in Informationskampagnen die EU den Bürger*innen näherzubringen.",gruene,606 - Civic Mindedness: Positive
"Für uns ist Familie überall dort, wo Menschen dauerhaft und verbindlich füreinander Verantwortung übernehmen.",fdp,501 - Environmental Protection: Positive
Wir möchten den Rollout intelligenter Messsysteme („Smart Meter“) vereinfachen – als Voraussetzung für „Smart Grids“ und für Automatisierung durch künstliche Intelligenz.,fdp,405 - Corporatism/ Mixed Economy
Ferner muss der deutsche Auslandsrundfunk in Gestalt der Deutschen Welle gestärkt werden.,fdp,203 - Constitutionalism: Positive
"Zivilgesellschaften – insbesondere Journalistinnen, Aktivisten, Wissenschaftlerinnen und andere Menschenrechtsverteidiger – sind unverzichtbar für den Aufbau und Erhalt funktionierender Gemeinwesen.",koalition,606 - Civic Mindedness: Positive
"Darunter leiden alle, Patient*innen wie Pflegende.",gruene,303 - Governmental and Administrative Efficiency
Digitale Infrastruktur und robotische Assistenzsysteme wollen wir hier gezielt fördern.,fdp,606 - Civic Mindedness: Positive
"Lieferkettengesetz europäisch umsetzen Viel zu oft kaufen wir Dinge, deren Herstellung auf dem Raubbau an Mensch und Natur basiert, obwohl wir das gar nicht wollen.",gruene,101 - Foreign Special Relationships: Positive
Wir schützen die Integrität des politischen Wettbewerbs vor einer Beeinträchtigung durch verdeckte Wahlkampffinanzierung mittels so genannter Parallelaktionen.,koalition,304 - Political Corruption
Mindestens für die erwartbare Lebensdauer müssen Ersatzteile und Softwareupdates kostengünstig erhältlich sein.,gruene,606 - Civic Mindedness: Positive
"Während sich viele Paare Familien- und Erwerbsarbeit gleichberechtigter aufteilen, als es noch vor Jahren der Fall war, gilt bei der Steuer nach wie vor das Modell eines männlichen Ernährers und einer Frau, die höchstens dazuverdient und sich hauptsächlich um Haushalt und Kinder kümmert.",gruene,409 - Keynesian Demand Management
Angeblich „LGBT-freie Zonen“ in Polen und der europaweite Anstieg von Übergriffen gegen LSBTI sind mit europäischen Werten nicht vereinbar.,fdp,302 - Centralisation
Das ist unser Ziel.,fdp,703 - Agriculture and Farmers: Positive
"Schon vor einer Entscheidung ist eine Betroffenenanwältin oder ein -anwalt anzuhören, die oder der die Rechte der betroffenen Bürgerinnen und Bürger vertritt.",fdp,102 - Foreign Special Relationships: Negative
"In Zeiten von Corona zeigt sich besonders, dass das Kurzarbeitergeld für Beschäftigte mit kleinen Löhnen zu niedrig ist.",gruene,413 - Nationalisation
"Die Kindergrundsicherung verbinden wir mit einer Neuermittlung dessen, was Kinder zum Leben brauchen.",gruene,302 - Centralisation
"Aber die Pandemie hat auch gezeigt, wo unser Staat an seine Grenzen gerät.",gruene,703 - Agriculture and Farmers: Positive
"ENKELFITTE RENTE Vor dem Hintergrund der Herausforderungen des demographischen Wandels und des Wandels am Arbeitsmarkt ist es zwingend nötig, das Altersvorsorgesystem zu modernisieren, nachhaltig finanzierbar zu gestalten und den kapitalgedeckten Teil der Altersvorsorge zu stärken.",fdp,703 - Agriculture and Farmers: Positive
Derartige Kooperationen wollen wir finanziell unterstützen.,gruene,606 - Civic Mindedness: Positive
"Wir setzen uns für ein modernes Sorge-, Adoptions-, Reproduktions- und Abtreibungsrecht ein.",fdp,501 - Environmental Protection: Positive
Wir bekennen uns zur Notwendigkeit auch von technischen Negativemissionen und werden eine Langfriststrategie zum Umgang mit den etwa 5 Prozent unvermeidbaren Restemissionen erarbeiten.,koalition,405 - Corporatism/ Mixed Economy
Die Zukunft gehört den elektrischen Antrieben.,spd,415 - Marxist Analysis: Positive
Wir messen Regelungen immer wieder an neuen wissenschaftlichen Erkenntnissen und richten daran Maßnahmen zum Gesundheitsschutz aus.,koalition,409 - Keynesian Demand Management
Bündnis 90 / Die Grünen stellen die Stellvertreterin oder den Stellvertreter des Bundeskanzlers gemäß Artikel 69 GG.,koalition,413 - Nationalisation
"Letale Autonome Waffensysteme, die vollständig der Verfügung des Menschen entzogen sind, lehnen wir ab.",koalition,507 - Education Limitation
"In Fällen, in denen Menschen trotz nachgewiesener ernsthafter Bemühungen keinen Nationalpass erhalten können, wollen wir einen Passersatzausweis ausstellen, wenn die Betroffenen in Deutschland geboren sind und ihre Identität geklärt ist.",gruene,303 - Governmental and Administrative Efficiency
So verringern wir etwa durch verbesserte Genehmigungs- und Entsorgungsvorschriften für Medikamente die Bildung von Resistenzen und andere Gefahren von Arzneimittelrückständen im Wasser.,gruene,405 - Corporatism/ Mixed Economy
"Wir werden uns dafür einsetzen, dass von der Überprüfungskonferenz des Nichtverbreitungsvertrages (NVV) 2022 ein wirklicher Impuls für die nukleare Abrüstung ausgeht.",koalition,414 - Economic Orthodoxy
Gesundheit ist ein globales öffentliches Gut.,spd,101 - Foreign Special Relationships: Positive
Immer mehr Unternehmer*innen verstehen ihr Unternehmen nicht als individuell konsumierbares Vermögen.,gruene,303 - Governmental and Administrative Efficiency
Wir setzen uns insbesondere auf europäischer Ebene für einen ETS-Mindestpreis sowie für die Schaffung eines zweiten Emissionshandels für die Bereiche Wärme und Mobilität (ETS 2) ein.,koalition,405 - Corporatism/ Mixed Economy
"Wir werden die Partnerländer bei ihrer stark ansteigenden Urbanisierung dabei unterstützen, diesen Prozess ressourcenschonend und klimasensibel zu gestalten und zu administrieren.",koalition,405 - Corporatism/ Mixed Economy
Professionelle Pflege ergänzen wir durch heilkundliche Tätigkeiten und schaffen u. a. das neue Berufsbild der „Community Health Nurse“.,koalition,303 - Governmental and Administrative Efficiency
Eigenverantwortung für die Schulden führt zu solideren öffentlichen Finanzen.,fdp,703 - Agriculture and Farmers: Positive
"Wir wollen politische und kulturelle Bildungsangebote für alle Bürger*innen zugänglich machen, um Wissen über das jüdische Leben allgemein sowie Kontakte und Erfahrungen mit jüdischen Menschen und Einrichtungen in Deutschland zu vermitteln.",gruene,401 - Free Market Economy
Strukturelle und systematische Verstöße gegen Arbeitsrecht und Arbeitsschutz verhindern wir durch effektivere Rechtsdurchsetzung.,koalition,413 - Nationalisation
"Wir wollen, dass die EU und ihre Mitgliedstaaten aus dem vollkommen aus der Zeit gefallenen Energiecharta-Vertrag aussteigen, auch um die Ziele des Green Deal der EU nicht zu gefährden.",gruene,703 - Agriculture and Farmers: Positive
Denn die Unterstützung für den Ausbau erneuerbarer Energien sowie Netze ist grundsätzlich hoch und auch immer mehr Unternehmen möchten auf erneuerbare Energien setzen.,fdp,303 - Governmental and Administrative Efficiency
"Im Einklang mit Naturschutz- und Waldbesitzerverbänden setzen wir uns für wald-, natur- und tierschutzgerechte Bejagungsmethoden ein.",gruene,106 - Peace
Die afrikanischen Staaten und Europa sind historisch eng miteinander verbunden.,koalition,203 - Constitutionalism: Positive
"Q ue lle : B un de sm in ist er iu m d er F in an ze n (2 01 9) , S ta tis tis ch es B un de sa m t ( 20 20 ) 1970 2020 Durchschnittliche Bruttolöhne und -gehälter je Arbeitnehmer Ab diesem Einkommen gilt der Spitzensteuersatz 56.263 € 7.092 € 57.052 € 36.828 € Das Programm der Freien Demokraten zur Bundestagswahl 2021 11 am größten ist.",fdp,403 - Market Regulation
Wir stellen uns konsequent gegen Diskriminierung und Gewalt.,spd,110 - European Community/Union: Negative
"Zudem werden wir weitere, neue europäische Instrumente entwickeln, um die übermächtigen Plattformen zu zähmen oder notfalls zu entflechten.",spd,606 - Civic Mindedness: Positive
Dazu braucht es auch Genderanalysen für einzelne Länderkontexte in regelmäßigen Abständen und eine enge Zusammenarbeit mit feministischen Akteur*innen in Deutschland und in Partnerländern.,gruene,203 - Constitutionalism: Positive
Viele Menschen mit Behinderungen sind gut oder sogar sehr gut ausgebildet und in Zeiten des Fachkräftemangels begehrte Arbeitskräfte.,spd,303 - Governmental and Administrative Efficiency
"So steigen wir in eine Flächenkreislaufwirtschaft ein, die letztlich keinen Nettoverbrauch an Boden mehr benötigt.",gruene,606 - Civic Mindedness: Positive
Die WHO soll die koordinierende Organisation der globalen Gesundheit sein.,gruene,414 - Economic Orthodoxy
"Die Corona-Krise hat Teile der Arbeitswelt auf den Kopf gestellt, das Homeoffice hat an Bedeutung gewonnen.",spd,107 - Internationalism: Positive
"Eine gesunde Meeresflora leistet somit nicht nur einen wichtigen Beitrag zur Gesundheit des Ökosystems Ozean, sondern auch zu nachhaltigem Klimaschutz.",fdp,702 - Labour Groups: Negative
"Um für internationale Talente attraktiv zu sein, werden wir administrative Hürden abbauen und mit einer Plattform die Rekrutierung von internationalen Spitzen-Wissenschaftlerinnen und -Wissenschaftlern unterstützen.",koalition,413 - Nationalisation
"Deshalb werden wir unter anderem einen maßvollen, einheitlichen Steuersatz von einem Prozent für sehr hohe Vermögen einführen.",spd,101 - Foreign Special Relationships: Positive
Durch die Vielzahl von Vorschriften entstehen massive Kosten.,fdp,409 - Keynesian Demand Management
Selbst verdientes Einkommen soll geringer als heute angerechnet werden.,fdp,107 - Internationalism: Positive
"Das gilt auch für schlankere Vergabe-, Register- und Informationsbestimmungen.",fdp,413 - Nationalisation
Fahrgastrechte wollen wir durch automatisierte Entschädigungsverfahren stärken.,gruene,701 - Labour Groups: Positive
"Leistungen wie die Kurzzeit- und Verhinderungspflege fassen wir in einem unbürokratischen, transparenten und flexiblen Entlastungsbudget mit Nachweispflicht zusammen, um die häusliche Pflege zu stärken und auch Familien von Kindern mit Behinderung einzubeziehen.",koalition,303 - Governmental and Administrative Efficiency
"Wir setzen uns für einen leistungsstarken europäischen Bankenmarkt ein, der durch Wettbewerb und Vielfalt der Geschäftsmodelle geprägt ist.",fdp,107 - Internationalism: Positive
"Bundeseigene Flächen im Außenbereich haben für den Klimaschutz sowohl als potenzielle Standorte für Windkraft- und PV-Anlagen, als auch für die Biodiversität – wie z.",koalition,606 - Civic Mindedness: Positive
Die Arbeitsbedingungen in dieser Branche sind oft schlecht.,spd,413 - Nationalisation
"Wenn die Arbeit durch Produktivitätsgewinne weniger werden sollte, müssen alle davon profitieren.",spd,403 - Market Regulation
"Dazu gehört dann auch, dass wir überprüfen, was es nicht mehr braucht, was zugemacht werden kann, was besser werden muss.",gruene,409 - Keynesian Demand Management
"Aber vor allem ist es eine Stärke: zuhören, den Dialog suchen, inhaltlich ringen.",gruene,203 - Constitutionalism: Positive
Wir werden Bürgerräte zu konkreten Fragestellungen durch den Bundestag einsetzen und organisieren.,koalition,604 - Traditional Morality: Negative
Bringen wir das Verhältnis von Privat und Staat wieder in eine die Leistungsbereitschaft fördernde Balance.,fdp,107 - Internationalism: Positive
"Die zentralen Beschlüsse der Allianz von Wales und Warschau tragen wir in vollem Umfang mit: die Stärkung des Abschreckungs- und Verteidigungsdispositivs der NATO durch Finanzmittel, Fähigkeiten und Beiträge, einhergehend mit gleichzeitigem Dialog mit Russland.",fdp,203 - Constitutionalism: Positive
"Dafür wollen wir die rechtlichen Rahmenbedingungen für Quartierspflege schaffen und den Kommunen ermöglichen, eine verbindliche Pflegebedarfsplanung vorzunehmen, um das Angebot an Pflege vor Ort zu gestalten.",gruene,303 - Governmental and Administrative Efficiency
"Wir sehen es als unsere Pflicht dafür zu sorgen, dass die Medikamente, die hier entwickelt werden, in ärmeren Ländern nicht überteuert und knapp sind.",spd,406 - Protectionism: Positive
Die Potenziale neuer Mobilitätsdienstleistungen und des autonomen Fahrens für den Industriestandort und auch für Klimaschutz und Verkehrssicherheit wollen wir dabei heben.,gruene,606 - Civic Mindedness: Positive
"Echte Gemeinsame Außen- und Sicherheitspolitik in Europa Wir Freie Demokraten wollen eine Gemeinsame Außen- und Sicherheitspolitik (GASP) der EU, die den Namen auch verdient.",fdp,606 - Civic Mindedness: Positive
Für einen echten Wettbewerb brauchen die Bürgerinnen und Bürger Entscheidungsfreiheit.,fdp,303 - Governmental and Administrative Efficiency
"Das Brennstoffemissionshandelsgesetz (BEHG), einschließlich der erfassten Brennstoffemissionen in der Industrie (industrielle Prozesswärme), wollen wir auf seine Kompatibilität mit einem möglichen ETS 2 überprüfen und gegebenenfalls so anpassen, dass ein möglichst reibungsloser Übergang gewährleistet ist.",koalition,104 - Military: Positive
Wir werden dabei die Erkenntnisse aus der Forschung schneller und breiter in Innovationen und Investitionen übersetzten.,spd,104 - Military: Positive
Dazu wollen wir die Chancen des seriellen und modularen Bauens nutzen sowie ein digitales und teilautomatisiertes Baugenehmigungsverfahren entwickeln.,fdp,405 - Corporatism/ Mixed Economy
"Außerdem sollen passgenaue Beratungen für Klimaschutz und Digitalisierung gefördert werden, auch über längere Zeiträume.",gruene,413 - Nationalisation
Kreislaufwirtschaft wird das neue Normal.,gruene,303 - Governmental and Administrative Efficiency
"Sommercamps und Nachhilfe in den Kernfächern alleine werden nicht ausreichen, um die Folgen der Krise zu bewältigen.",gruene,110 - European Community/Union: Negative
Der Austausch von Unterlagen unter den Behörden muss nach Zustimmung und unter Beachtung des Datenschutzes möglich sein.,gruene,413 - Nationalisation
Der Wohn-Riester bleibt unberührt.,fdp,606 - Civic Mindedness: Positive
Die öffentliche Hand muss mit ihren Gebäuden als Vorbild vorangehen.,gruene,606 - Civic Mindedness: Positive
"Um im internationalen Standort-Wettbewerb mithalten zu können, bedarf es einer starken europäischen Vernetzung von Spitzenforschung.",gruene,702 - Labour Groups: Negative
Für energiepolitische Projekte auch in Deutschland gilt das europäische Energierecht.,koalition,703 - Agriculture and Farmers: Positive
Unfaires Preis-Dumping gilt es durch ein Mindesthonorar für zeitbasierte Dienstleistungen zu unterbinden.,gruene,107 - Internationalism: Positive
"Wenn man es richtig anstellt, können Freiflächenanlagen zu Lebensräumen werden.",gruene,413 - Nationalisation
Die Zusammenarbeit und der Informationsaustausch zwischen den verschiedenen Aufsichtsbereichen der BaFin sowie mit anderen deutschen und internationalen Behörden muss intensiviert werden.,koalition,703 - Agriculture and Farmers: Positive
"Wir setzen uns dafür ein, dass alle Staaten dem Römischen Statut des Internationalen Strafgerichtshofs beitreten.",gruene,203 - Constitutionalism: Positive
Elternunabhängiges Baukasten-BAföG Wir Freie Demokraten wollen ein elternunabhängiges Baukasten-BAföG einführen.,fdp,101 - Foreign Special Relationships: Positive
"Wir werden eine nationale Leitstelle Mobilität einrichten, die die Erarbeitung regionaler Mobilitätspläne unterstützt und eine frühzeitige Beteiligung vor Ort sicherstellt.",spd,606 - Civic Mindedness: Positive
Die Förderung von Computerspielen wollen wir darum dauerhaft verankern.,spd,101 - Foreign Special Relationships: Positive
"Statt an fossilen Verbrennungsmotoren festzuhalten, schaffen wir eine neue Mobilität mit der Bahn, dem Rad, zu Fuß oder mit emissionsfreien Autos.",gruene,405 - Corporatism/ Mixed Economy
Das sozioökonomische und soziokulturelle Existenzminimum muss jederzeit gesichert sein.,spd,606 - Civic Mindedness: Positive
"Damit Tierschutz wirtschaftlich  54 Ka pi te l 1  machbar ist, wollen wir die Landwirt*innen unterstützen: durch eine Umbauförderung, die durch einen Tierschutz-Cent auf tierische Produkte finanziert wird, durch faire Preise und durch eine verpflichtende Haltungskennzeichnung für tierische Produkte.",gruene,701 - Labour Groups: Positive
Wir werden möglichst frühe Stichtage für die anzuwendende Sach- und Rechtslage vorsehen.,koalition,409 - Keynesian Demand Management
"Deswegen lehnen wir auch pauschale Verbote und Beschränkungen der Angelei ab, insbesondere pauschale Nachtangelverbote oder Nullnutzungsgebote von Gewässern.",fdp,106 - Peace
"Wir setzen uns für einen Sozialstaat ein, der die Bürgerinnen und Bürger absichert, aber auch dabei unterstützt, neue Chancen im Leben zu ergreifen.",koalition,303 - Governmental and Administrative Efficiency
"175 Arbeit in der Bundesregierung Im Kabinett werden Entscheidungen einvernehmlich getroffen, kein Koalitionspartner wird überstimmt.",koalition,604 - Traditional Morality: Negative
Statt Öl und Erdgas wärmt uns künftig die Kraft der Erneuerbaren.,gruene,405 - Corporatism/ Mixed Economy
Wir wollen ein Völkerrecht des Netzes.,koalition,414 - Economic Orthodoxy
"Ernährungspolitik 52 Europa 10, 11, 29, 34, 57 ff., 64 f., 75, 79, 87 ff., 93, 108, 154, 160, 173, 183, 211 f., 215, 217 ff., 221, 225, 228, 232 f., 238, 240, 243 f., 248 f., 253 f.",gruene,606 - Civic Mindedness: Positive
"Kapitel 3 Seite > 29 Die neuen technologischen Möglichkeiten bieten die Chance, die Arbeitsbedingungen in Unternehmen und Betrieben zu verbessern, Belastungen zu verringern und die Handlungsspielräume der arbeitenden Menschen zu erweitern.",spd,403 - Market Regulation
"Hierzu werden wir das „kleine Sorgerecht“ für soziale Eltern ausweiten und zu einem eigenen Rechtsinstitut weiterentwickeln, das im Einvernehmen mit den rechtlichen Eltern auf bis zu zwei weitere Erwachsene übertragen werden kann.",koalition,101 - Foreign Special Relationships: Positive
Die fortschreitende Konzentration von Marktmacht schadet dem Wettbewerb.,fdp,107 - Internationalism: Positive
"Unser Arbeitsmarkt hat eine starke industrielle Basis, die aus dem Umbau noch stärker hervorgehen kann – wenn wir gezielt in Infrastruktur und Innovationen investieren.",spd,303 - Governmental and Administrative Efficiency
"Alle sollen digitale Kompetenzen erwerben können, das geht nur mit entsprechender Hardware und Internetanbindung: Kinder, die in Armut leben, erhalten für die Schule ein digitales Endgerät, wenn sie dieses benötigen.",gruene,606 - Civic Mindedness: Positive
Idealerweise gelingt das schon bis 2030.,koalition,703 - Agriculture and Farmers: Positive
"Wo bereits Windparks stehen, muss es ohne großen Genehmigungsaufwand möglich sein, alte Windenergieanlagen durch neue zu ersetzen.",koalition,405 - Corporatism/ Mixed Economy
"Bei allen Gesellschaften, Stiftungen und sonstigen Konstrukten muss umfassende Transparenz über die wirtschaftlich Berechtigten bestehen.",gruene,201 - Freedom and Human Rights
Sie steht aber auch für Pflichten.,spd,606 - Civic Mindedness: Positive
Wir fördern Forschung in Gedenkstätten.,koalition,402 - Incentives
Wir wollen unsere Städte lebenswerter machen und sie dazu bei der Mobilitätswende gezielt unterstützen.,gruene,405 - Corporatism/ Mixed Economy
Wir streben eine enge transatlantische Abstimmung in der China-Politik an und suchen die Zusammenarbeit mit gleichgesinnten Ländern um strategische Abhängigkeiten zu reduzieren.,koalition,203 - Constitutionalism: Positive
Zeitarbeit sichert Teilhabe für die Beschäftigten und Flexibilität für die Unternehmen.,fdp,107 - Internationalism: Positive
Durch die Förderung digitaler Zwillinge (z.,koalition,106 - Peace
Für autonomes Fahren verbessern wir den Rechtsrahmen mit Schwerpunkt auf dem öffentlichen Verkehr.,gruene,106 - Peace
Weitere Privatisierungen öffentlicher Unternehmen im Bereich der öffentlichen Pflichtaufgaben der Daseinsvorsorge lehnen wir ab.,gruene,101 - Foreign Special Relationships: Positive
"Wir wissen, dass dafür – auch angesichts der russischen konventionellen und nuklearen Aufrüstung – zahlreiche Gespräche im Bündnis notwendig sind, auch mit unseren europäischen Partnerstaaten, und vor allem die Stärkung der Sicherheit und Rückversicherung unserer polnischen und baltischen Bündnispartner*innen.",gruene,203 - Constitutionalism: Positive
Wir machen das Programm “Zukunftsfähige Innenstädte und Zentren” mit der Städtebauförderung kompatibel.,koalition,405 - Corporatism/ Mixed Economy
Zugleich werden wir durch unsere Maßnahmen zur Fachkräftesicherung dem Personalmangel im Gesundheitswesen entgegenwirken.,koalition,413 - Nationalisation
Jetzt ist die Zeit fürs Machen.,gruene,703 - Agriculture and Farmers: Positive
Die EU muss international handlungsfähiger und einiger auftreten.,koalition,203 - Constitutionalism: Positive
Kapitel 3 Seite > 33 3.3.,spd,606 - Civic Mindedness: Positive
Dafür schaffen wir ein einheitliches und transparentes Berufsbild für Finanzberater*innen.,gruene,101 - Foreign Special Relationships: Positive
Rechtsstaatlichkeit und Menschenrechte an den Außengrenzen sichern Ein gemeinsamer Raum der Freizügigkeit und ohne Binnengrenzen braucht kontrollierte Außengrenzen.,gruene,411 - Technology and Infrastructure
"Gemeinsam mit unseren Partnern, auch aus der Zivilgesellschaft, werden wir uns für die Bewahrung unserer freiheitlichen Lebensweise in Europa und den Schutz von Frieden und Menschenrechten weltweit einsetzen.",koalition,203 - Constitutionalism: Positive
Nachhaltiges Reisen ist durch die Pandemie verstärkt in den Fokus gerückt.,fdp,405 - Corporatism/ Mixed Economy
